k,count,claims,claim_rate,feature
d9k_10k,2309,325,0.140753572975314,days_fixed
d7k_9k,1855,258,0.13908355795148247,days_fixed
d10k_plus,1806,216,0.11960132890365449,days_fixed
d5k_7k,1668,170,0.10191846522781775,days_fixed
d2500_5k,2741,264,0.09631521342575702,days_fixed
d0_700,1351,86,0.06365655070318282,days_fixed
d700_2500,3200,177,0.0553125,days_fixed
1_1,700,77,0.11,w_pair
0_1,8575,902,0.10518950437317784,w_pair
0_0,698,72,0.10315186246418338,w_pair
1_0,4957,445,0.08977203954004438,w_pair
8,175,29,0.1657142857142857,age_coarse
7,431,47,0.10904872389791183,age_coarse
6,818,89,0.10880195599022005,age_coarse
3,3398,364,0.10712183637433785,age_coarse
2,3039,316,0.1039815728858177,age_coarse
5,1457,151,0.10363761153054221,age_coarse
4,2310,224,0.09696969696969697,age_coarse
1,3302,276,0.08358570563294973,age_coarse
E|C,836,91,0.10885167464114832,t3_sfx×code
E|B,4744,516,0.1087689713322091,t3_sfx×code
M|D,313,32,0.10223642172523961,t3_sfx×code
P|C,3691,376,0.10186941208344621,t3_sfx×code
E|A,613,58,0.09461663947797716,t3_sfx×code
P|A,3709,341,0.09193852790509571,t3_sfx×code
P|B,1024,82,0.080078125,t3_sfx×code
M|D|bin_2,62,13,0.20967741935483872,t3_sfx×code×days_q5
E|A|bin_3,122,24,0.19672131147540983,t3_sfx×code×days_q5
E|C|bin_4,189,29,0.15343915343915343,t3_sfx×code×days_q5
E|B|bin_3,1020,155,0.15196078431372548,t3_sfx×code×days_q5
M|D|bin_3,54,8,0.14814814814814814,t3_sfx×code×days_q5
P|C|bin_3,825,117,0.14181818181818182,t3_sfx×code×days_q5
P|B|bin_3,215,30,0.13953488372093023,t3_sfx×code×days_q5
E|C|bin_3,166,23,0.13855421686746988,t3_sfx×code×days_q5
P|A|bin_4,138,19,0.13768115942028986,t3_sfx×code×days_q5
E|B|bin_4,1243,169,0.13596138374899436,t3_sfx×code×days_q5
P|B|bin_4,216,27,0.125,t3_sfx×code×days_q5
P|C|bin_4,969,121,0.12487100103199174,t3_sfx×code×days_q5
E|B|bin_2,823,94,0.11421628189550426,t3_sfx×code×days_q5
P|C|bin_2,650,74,0.11384615384615385,t3_sfx×code×days_q5
P|A|bin_3,584,64,0.1095890410958904,t3_sfx×code×days_q5
E|C|bin_2,160,17,0.10625,t3_sfx×code×days_q5
E|A|bin_1,104,10,0.09615384615384616,t3_sfx×code×days_q5
P|A|bin_0,1016,94,0.09251968503937008,t3_sfx×code×days_q5
E|A|bin_2,111,10,0.09009009009009009,t3_sfx×code×days_q5
P|A|bin_1,991,85,0.08577194752774975,t3_sfx×code×days_q5
E|B|bin_1,850,69,0.0811764705882353,t3_sfx×code×days_q5
P|A|bin_2,980,79,0.08061224489795918,t3_sfx×code×days_q5
E|C|bin_1,149,12,0.08053691275167785,t3_sfx×code×days_q5
P|B|bin_2,200,16,0.08,t3_sfx×code×days_q5
M|D|bin_1,67,5,0.07462686567164178,t3_sfx×code×days_q5
P|C|bin_1,622,45,0.07234726688102894,t3_sfx×code×days_q5
M|D|bin_4,68,4,0.058823529411764705,t3_sfx×code×days_q5
E|C|bin_0,172,10,0.05813953488372093,t3_sfx×code×days_q5
E|A|bin_4,163,9,0.05521472392638037,t3_sfx×code×days_q5
E|A|bin_0,113,5,0.04424778761061947,t3_sfx×code×days_q5
E|B|bin_0,808,29,0.03589108910891089,t3_sfx×code×days_q5
M|D|bin_0,62,2,0.03225806451612903,t3_sfx×code×days_q5
P|C|bin_0,625,19,0.0304,t3_sfx×code×days_q5
P|B|bin_1,203,5,0.024630541871921183,t3_sfx×code×days_q5
P|B|bin_0,190,4,0.021052631578947368,t3_sfx×code×days_q5
bin_0,2957,412,0.13933040243490025,ratio_q5
bin_1,2957,363,0.12275955360162327,ratio_q5
bin_2,2958,317,0.10716700473292766,ratio_q5
bin_-1,144,13,0.09027777777777778,ratio_q5
bin_3,2956,256,0.08660351826792964,ratio_q5
bin_4,2958,135,0.04563894523326572,ratio_q5
d10k_plus|a539,43,10,0.23255813953488372,days_fixed×region
d9k_10k|8a21,118,26,0.22033898305084745,days_fixed×region
d9k_10k|1d96,183,33,0.18032786885245902,days_fixed×region
d7k_9k|9685,216,37,0.1712962962962963,days_fixed×region
d7k_9k|f09d,496,83,0.16733870967741934,days_fixed×region
d9k_10k|f09d,823,134,0.16281895504252733,days_fixed×region
d7k_9k|22b5,50,8,0.16,days_fixed×region
d9k_10k|fafc,216,34,0.1574074074074074,days_fixed×region
d10k_plus|9685,234,36,0.15384615384615385,days_fixed×region
d7k_9k|fafc,111,17,0.15315315315315314,days_fixed×region
d7k_9k|8a21,192,29,0.15104166666666666,days_fixed×region
d9k_10k|9685,288,43,0.14930555555555555,days_fixed×region
d10k_plus|f167,49,7,0.14285714285714285,days_fixed×region
d700_2500|22b5,49,7,0.14285714285714285,days_fixed×region
d5k_7k|f09d,331,46,0.13897280966767372,days_fixed×region
d0_700|908d,87,12,0.13793103448275862,days_fixed×region
d10k_plus|8a21,97,13,0.13402061855670103,days_fixed×region
d5k_7k|9685,226,29,0.12831858407079647,days_fixed×region
d10k_plus|fafc,193,24,0.12435233160621761,days_fixed×region
d5k_7k|8a21,199,24,0.12060301507537688,days_fixed×region
d2500_5k|fafc,133,16,0.12030075187969924,days_fixed×region
d7k_9k|6645,101,12,0.1188118811881188,days_fixed×region
d10k_plus|1d96,110,13,0.11818181818181818,days_fixed×region
d10k_plus|fa70,68,8,0.11764705882352941,days_fixed×region
d2500_5k|f09d,541,62,0.11460258780036968,days_fixed×region
d2500_5k|f167,97,11,0.1134020618556701,days_fixed×region
d7k_9k|1d96,212,24,0.11320754716981132,days_fixed×region
d10k_plus|f09d,632,69,0.10917721518987342,days_fixed×region
d2500_5k|8a21,341,37,0.10850439882697947,days_fixed×region
d2500_5k|1d96,378,41,0.10846560846560846,days_fixed×region
d2500_5k|ab86,83,9,0.10843373493975904,days_fixed×region
d700_2500|ab86,122,13,0.10655737704918032,days_fixed×region
d7k_9k|908d,86,9,0.10465116279069768,days_fixed×region
d0_700|2a36,67,7,0.1044776119402985,days_fixed×region
d2500_5k|6645,134,14,0.1044776119402985,days_fixed×region
d9k_10k|f167,48,5,0.10416666666666667,days_fixed×region
d5k_7k|6645,88,9,0.10227272727272728,days_fixed×region
d7k_9k|f167,70,7,0.1,days_fixed×region
d2500_5k|9685,358,35,0.09776536312849161,days_fixed×region
d9k_10k|2a36,72,7,0.09722222222222222,days_fixed×region
d5k_7k|1d96,248,24,0.0967741935483871,days_fixed×region
d10k_plus|6645,131,12,0.0916030534351145,days_fixed×region
d5k_7k|f167,67,6,0.08955223880597014,days_fixed×region
d9k_10k|908d,56,5,0.08928571428571429,days_fixed×region
d9k_10k|fa70,93,8,0.08602150537634409,days_fixed×region
d0_700|6645,63,5,0.07936507936507936,days_fixed×region
d700_2500|8a21,371,29,0.07816711590296496,days_fixed×region
d9k_10k|6645,171,13,0.07602339181286549,days_fixed×region
d10k_plus|2a36,66,5,0.07575757575757576,days_fixed×region
d5k_7k|908d,94,7,0.07446808510638298,days_fixed×region
d2500_5k|a539,41,3,0.07317073170731707,days_fixed×region
d700_2500|abb2,41,3,0.07317073170731707,days_fixed×region
d2500_5k|2a36,127,9,0.07086614173228346,days_fixed×region
d700_2500|9685,399,28,0.07017543859649122,days_fixed×region
d0_700|1d96,167,11,0.0658682634730539,days_fixed×region
d700_2500|6645,168,11,0.06547619047619048,days_fixed×region
d9k_10k|a539,46,3,0.06521739130434782,days_fixed×region
d7k_9k|fa70,48,3,0.0625,days_fixed×region
d2500_5k|908d,181,11,0.06077348066298342,days_fixed×region
d5k_7k|2a36,83,5,0.060240963855421686,days_fixed×region
d2500_5k|fa70,67,4,0.05970149253731343,days_fixed×region
d10k_plus|22b5,52,3,0.057692307692307696,days_fixed×region
d700_2500|fafc,112,6,0.05357142857142857,days_fixed×region
d700_2500|f167,169,9,0.05325443786982249,days_fixed×region
d0_700|8a21,227,12,0.05286343612334802,days_fixed×region
d5k_7k|fafc,76,4,0.05263157894736842,days_fixed×region
d0_700|9685,168,8,0.047619047619047616,days_fixed×region
d9k_10k|22b5,64,3,0.046875,days_fixed×region
d700_2500|fa70,65,3,0.046153846153846156,days_fixed×region
d700_2500|1d96,458,21,0.04585152838427948,days_fixed×region
d0_700|fafc,66,3,0.045454545454545456,days_fixed×region
d700_2500|908d,252,11,0.04365079365079365,days_fixed×region
d5k_7k|ab86,46,2,0.043478260869565216,days_fixed×region
d0_700|f09d,194,8,0.041237113402061855,days_fixed×region
d2500_5k|22b5,49,2,0.04081632653061224,days_fixed×region
d700_2500|f09d,543,22,0.040515653775322284,days_fixed×region
d700_2500|2a36,195,5,0.02564102564102564,days_fixed×region
d7k_9k|2a36,86,2,0.023255813953488372,days_fixed×region
d700_2500|90fc,44,1,0.022727272727272728,days_fixed×region
d2500_5k|08d1,44,1,0.022727272727272728,days_fixed×region
d0_700|f167,60,1,0.016666666666666666,days_fixed×region
d700_2500|c1f5,79,0,0.0,days_fixed×region
1_1|bin_3,128,22,0.171875,w_pair×days_q5
0_0|bin_3,140,23,0.16428571428571428,w_pair×days_q5
1_1|bin_4,130,20,0.15384615384615385,w_pair×days_q5
0_1|bin_3,1849,266,0.14386154678204435,w_pair×days_q5
0_1|bin_4,2215,291,0.13137697516930022,w_pair×days_q5
1_0|bin_3,869,110,0.12658227848101267,w_pair×days_q5
0_0|bin_4,151,19,0.12582781456953643,w_pair×days_q5
0_1|bin_2,1517,177,0.11667765326301911,w_pair×days_q5
0_0|bin_2,141,16,0.11347517730496454,w_pair×days_q5
1_0|bin_4,490,48,0.09795918367346938,w_pair×days_q5
1_1|bin_1,158,15,0.0949367088607595,w_pair×days_q5
1_1|bin_2,144,12,0.08333333333333333,w_pair×days_q5
1_0|bin_2,1184,98,0.08277027027027027,w_pair×days_q5
1_0|bin_1,1191,96,0.08060453400503778,w_pair×days_q5
1_0|bin_0,1223,93,0.07604251839738348,w_pair×days_q5
0_1|bin_1,1510,112,0.07417218543046358,w_pair×days_q5
0_0|bin_1,127,8,0.06299212598425197,w_pair×days_q5
1_1|bin_0,140,8,0.05714285714285714,w_pair×days_q5
0_0|bin_0,139,6,0.04316546762589928,w_pair×days_q5
0_1|bin_0,1484,56,0.03773584905660377,w_pair×days_q5
8|bin_4,67,14,0.208955223880597,age_coarse×days_q5
5|bin_4,339,53,0.15634218289085547,age_coarse×days_q5
2|bin_3,606,93,0.15346534653465346,age_coarse×days_q5
7|bin_3,124,19,0.1532258064516129,age_coarse×days_q5
6|bin_3,199,30,0.1507537688442211,age_coarse×days_q5
3|bin_3,716,105,0.14664804469273743,age_coarse×days_q5
2|bin_4,530,72,0.13584905660377358,age_coarse×days_q5
4|bin_3,432,58,0.13425925925925927,age_coarse×days_q5
3|bin_4,653,87,0.1332312404287902,age_coarse×days_q5
5|bin_3,309,41,0.13268608414239483,age_coarse×days_q5
4|bin_2,473,61,0.12896405919661733,age_coarse×days_q5
7|bin_1,55,7,0.12727272727272726,age_coarse×days_q5
1|bin_3,543,68,0.1252302025782689,age_coarse×days_q5
8|bin_3,57,7,0.12280701754385964,age_coarse×days_q5
6|bin_4,237,29,0.12236286919831224,age_coarse×days_q5
4|bin_4,486,59,0.12139917695473251,age_coarse×days_q5
6|bin_2,137,16,0.11678832116788321,age_coarse×days_q5
2|bin_2,601,64,0.1064891846921797,age_coarse×days_q5
3|bin_2,722,74,0.10249307479224377,age_coarse×days_q5
1|bin_4,534,53,0.09925093632958802,age_coarse×days_q5
7|bin_0,41,4,0.0975609756097561,age_coarse×days_q5
2|bin_1,665,58,0.08721804511278196,age_coarse×days_q5
1|bin_2,688,59,0.08575581395348837,age_coarse×days_q5
7|bin_2,71,6,0.08450704225352113,age_coarse×days_q5
3|bin_1,678,57,0.084070796460177,age_coarse×days_q5
7|bin_4,140,11,0.07857142857142857,age_coarse×days_q5
1|bin_1,730,57,0.07808219178082192,age_coarse×days_q5
6|bin_1,147,11,0.07482993197278912,age_coarse×days_q5
5|bin_2,273,20,0.07326007326007326,age_coarse×days_q5
5|bin_1,263,19,0.07224334600760456,age_coarse×days_q5
5|bin_0,273,18,0.06593406593406594,age_coarse×days_q5
3|bin_0,629,41,0.06518282988871224,age_coarse×days_q5
4|bin_0,487,28,0.057494866529774126,age_coarse×days_q5
1|bin_0,807,39,0.048327137546468404,age_coarse×days_q5
2|bin_0,637,29,0.04552590266875981,age_coarse×days_q5
4|bin_1,432,18,0.041666666666666664,age_coarse×days_q5
6|bin_0,98,3,0.030612244897959183,age_coarse×days_q5
