cross,auc_oof_te,auc_leaky_te,gap_leaky_minus_oof,nunique,mean_count,median_count,min_count,n_cells_lt20,n_cells_lt50,row_share_lt20,row_share_lt50,sparse_risk,corr_with_b5_oof,auc_oof_te_on_b5_midband,corr_te_vs_residual,group
ratio_1k_q5×region,0.6056395786013459,0.6427659506289015,0.03712637202755564,117,127.6068376068376,60.0,1,24,54,0.01580709979906229,0.07997320830542531,False,0.4780530809394528,0.5397210990507674,0.01191609188602431,candidate
ratio_q5×region,0.6056231584557978,0.6427464206073025,0.03712326215150463,117,127.6068376068376,60.0,1,24,54,0.01580709979906229,0.07997320830542531,False,0.4780598132386181,0.539763813786728,0.011919400826596198,candidate
days_fixed×cond_q5,0.6028998275586169,0.6272008219626313,0.024300994404014342,42,355.4761904761905,364.0,12,4,7,0.0035498995311453447,0.009645010046885465,False,0.542072936488878,0.5048763851429471,0.0024231456297167417,candidate
code×days_q5,0.6023712730250248,0.6122687894232768,0.009897516398251982,20,746.5,900.5,54,0,0,0.0,0.0,False,0.5014962910331976,0.5041122252385303,0.007484872014704447,candidate
car×days_q5,0.6021272348315672,0.6267090386034637,0.02458180377189656,55,271.45454545454544,122.0,12,4,6,0.004085733422638982,0.009042196918955124,False,0.48106636611857084,0.5016101438881629,0.010289500060085346,candidate
t3_sfx×code×days_q5,0.6018619002069138,0.6193448521151935,0.017482951908279754,35,426.57142857142856,200.0,54,0,0,0.0,0.0,False,0.49212702183674817,0.5029372950120432,0.007882981334581974,candidate
ratio_q5×source,0.6008253163216645,0.6258600673206063,0.025034750998941813,66,226.21212121212122,96.5,1,11,17,0.005090421969189551,0.017749497655726726,False,0.5083140477264487,0.5198439586086264,0.004551179514986322,candidate
days_fixed×source,0.6007998402170565,0.6320865616334641,0.03128672141640765,77,193.8961038961039,79.0,5,6,20,0.004353650368385801,0.03610180843938379,False,0.4724736925947278,0.5023689873662154,0.012204269785631177,candidate
days_fixed×region,0.6005632906051291,0.650387261669051,0.04982397106392189,140,106.64285714285714,49.5,2,30,70,0.026255860683188213,0.11781647689216343,False,0.4645401423343839,0.5172315766882893,0.013861722361572603,candidate
days_fixed×t3_sfx,0.5999721156073783,0.6102745129884345,0.010302397381056205,21,710.952380952381,792.0,24,0,5,0.0,0.011922304085733422,False,0.4781634557592632,0.49999945002485896,0.007490911017543161,candidate
ratio_q5×code,0.5996582171583157,0.6129724175390242,0.013314200380708519,24,622.0833333333334,652.0,2,1,3,0.00013395847287340923,0.005626255860683188,False,0.521122011513216,0.5243514326485775,0.001257098614979986,candidate
days_fixed×code,0.5994904828836403,0.6159241626123835,0.01643367972874321,28,533.2142857142857,557.0,24,0,5,0.0,0.011922304085733422,False,0.49553547667430803,0.49767232187771776,0.008377231419369007,candidate
w_pair×ratio_q5,0.5992340798230049,0.6131628165903578,0.013928736767352845,24,622.0833333333334,145.5,2,2,3,0.0008707300736771601,0.003348961821835231,False,0.5079974366232735,0.5206615883184301,0.0015444640439558738,candidate
ratio_q5×w_pair,0.5992340798230049,0.6131628165903578,0.013928736767352845,24,622.0833333333334,145.5,2,2,3,0.0008707300736771601,0.003348961821835231,False,0.5079974366232735,0.5206615883184301,0.0015444640439558738,candidate
ratio_q5×t3_sfx,0.5989291875749854,0.6085832379969731,0.009654050421987748,18,829.4444444444445,1025.0,2,1,1,0.00013395847287340923,0.00013395847287340923,False,0.5005739023872198,0.5222028630972546,0.0030754513119636484,candidate
t3_sfx×days_q5,0.597939077677439,0.6054491049129872,0.007510027235548167,15,995.3333333333334,1103.0,54,0,0,0.0,0.0,False,0.4816333920160062,0.4958234276699583,0.006607396191314658,candidate
t3_sfx×days_q10,0.5973394189378216,0.6116985625506038,0.014359143612782233,30,497.6666666666667,579.0,24,0,10,0.0,0.020964501004688548,False,0.4805573120063222,0.49612805278979166,0.0035023489037070542,candidate
t3_sfx×code×days_fixed,0.5967962355472864,0.622548273237591,0.02575203769030454,49,304.6938775510204,142.0,24,0,6,0.0,0.014869390488948427,False,0.48672204208654085,0.491458519408256,0.005549518888579939,candidate
age_coarse×ratio_q5,0.5962420556350356,0.618189719754888,0.021947664119852384,48,311.0416666666667,234.0,1,5,12,0.0025452109845947755,0.016476892163429336,False,0.44639713588652885,0.5350122118924668,0.011744500724287918,candidate
w_pair×days_q5,0.5959974203453764,0.6074331311963657,0.011435710850989267,20,746.5,324.0,127,0,0,0.0,0.0,False,0.4954414320319116,0.4991217508079746,0.002583931604124591,candidate
w_pair×days_fixed,0.5955877874719664,0.6117968595128173,0.01620907204085087,28,533.2142857142857,232.0,61,0,0,0.0,0.0,False,0.48831258886560436,0.4954413782719243,0.004132657790791988,candidate
r_pair×days_q5,0.5955754972418137,0.6058382872414872,0.01026278999967356,20,746.5,519.0,128,0,0,0.0,0.0,False,0.4702236313296276,0.4916497274323201,0.008112819789005996,candidate
cond_q10×source,0.5950997857220763,0.6380787952031679,0.04297900948109157,121,123.38842975206612,48.0,1,21,63,0.010515740120562625,0.1101808439383791,False,0.4306119866645053,0.5477215874286927,0.018438960922939736,candidate
ratio_q10,0.5947678997499362,0.6031332921735018,0.008365392423565599,11,1357.2727272727273,1479.0,144,0,0,0.0,0.0,False,0.5043903085244293,0.5217591553750661,0.002475724280211053,candidate
liv_q5×days_q5,0.5947362287722349,0.6104768042057864,0.015740575433551562,25,597.2,579.0,218,0,0,0.0,0.0,False,0.47397571018992407,0.49990137112469185,0.0060668897387950865,candidate
age_raw×days_q5,0.5946609200137889,0.6143515356120117,0.019690615598222827,46,324.5652173913044,273.0,1,8,10,0.0029470864032150033,0.007032819825853985,False,0.43826947297862384,0.5003654279271021,0.009482561786419368,candidate
w_pair×days_q10,0.5944751733370274,0.614454609343839,0.019979436006811624,40,373.25,164.5,57,0,0,0.0,0.0,False,0.4862030457387278,0.49378301989638956,-7.301408168205107e-05,candidate
t_pair×days_q5,0.5940728548920887,0.6055133673917006,0.011440512499611866,20,746.5,353.5,129,0,0,0.0,0.0,False,0.4620822870129379,0.4953846086156905,0.008023590668580343,candidate
age_coarse×days_q5,0.5940525785002377,0.6133491852423294,0.01929660674209166,40,373.25,385.5,14,2,4,0.0020093770931011385,0.006162089752176825,False,0.43828248864551217,0.5003224076493964,0.008919600603704409,candidate
days_fixed,0.5916171723673431,0.6004075728915139,0.008790400524170794,7,2132.8571428571427,1855.0,1351,0,0,0.0,0.0,False,0.4831740300049782,0.4939646339096584,0.004792139607234202,candidate
ratio_q5,0.5915469389266121,0.598829845694419,0.0072829067678068515,6,2488.3333333333335,2957.0,144,0,0,0.0,0.0,False,0.4983156392681529,0.5233983868373594,0.0016721395102305755,candidate
c_pair×days_q5,0.5912003245814953,0.6047332860831205,0.013532961501625196,20,746.5,534.5,119,0,0,0.0,0.0,False,0.47092532534502485,0.4902430132380238,0.00341453577723436,candidate
age_coarse×days_fixed,0.5902652470505438,0.618322772691845,0.02805752564130115,56,266.60714285714283,263.0,6,5,8,0.004420629604822505,0.011587407903549899,False,0.42347558135248564,0.502308734534088,0.007635195790337983,candidate
age_coarse×days_q10,0.5895977432550022,0.626070419336682,0.0364726760816797,80,186.625,186.5,5,8,17,0.0056932350971198925,0.025920964501004687,False,0.41113091270083246,0.49834115275767316,0.005434204177421944,candidate
days_fixed×version,0.5768033151179186,0.6303525942635775,0.05354927914565888,133,112.25563909774436,36.0,13,7,90,0.007769591426657736,0.18164768921634294,False,0.38458957654628473,0.5037158764868273,-0.0010560947715008056,candidate
version×days_fixed,0.5768033151179186,0.6303525942635775,0.05354927914565888,133,112.25563909774436,36.0,13,7,90,0.007769591426657736,0.18164768921634294,False,0.38458957654628473,0.5037158764868273,-0.0010560947715008056,candidate
version×days_q5,0.5761850220010047,0.6207658913173455,0.044580869316340754,95,157.1578947368421,50.0,33,0,47,0.0,0.13523107836570664,False,0.39289602504871124,0.49464684751804777,0.0019040338964959255,candidate
cond_q5×source,0.5692596017049882,0.6001292514244725,0.03086964971948425,66,226.21212121212122,78.5,1,11,19,0.004420629604822505,0.023107836570663093,False,0.2974484437266341,0.5378629774823067,0.013854893285659623,candidate
cond_q5×region,0.5629711337821904,0.6066983048040769,0.0437271710218865,117,127.6068376068376,59.0,1,25,55,0.01620897521768252,0.08325519089082384,False,0.2704595002264121,0.5336812109425987,0.0099744376532811,candidate
age_coarse×region,0.5546317648014177,0.6147643529984976,0.060132588197079895,156,95.7051282051282,38.5,1,50,91,0.03060951105157401,0.12417950435365037,False,0.21074538168162504,0.5261240025284191,0.0189936378842304,candidate
